<?xml version="1.0" encoding="UTF-8" standalone="yes"?><manifest><archiveItems><item>SERVICE_DESIGN_DesignTemplate_v4_2c9030e44bdb3bfe014c0e47ee6877df.xml</item><itemLocation>com.hp.csa.model.vo.service.ServiceBlueprintVO</itemLocation><itemType>com.hp.csa.model.vo.service.ServiceBlueprintVO</itemType></archiveItems><archiveItems><item>size-small.png</item><itemLocation>\images\library\size-small.png</itemLocation><itemType>File</itemType></archiveItems><archiveItems><item>Setup_wizard_RGB_blue_NT.png</item><itemLocation>\images\library\Setup_wizard_RGB_blue_NT.png</itemLocation><itemType>File</itemType></archiveItems><csaVersion>04.20.0000.0</csaVersion></manifest>